"AppManager: Flash: Begin Constructing DidjPlayer: ",8.81
"AppManager: Flash: Begin Create SI Library: ",8.82
"AppManager: Flash: End Create SI Library: ",8.82
"AppManager: Flash: End Constructing DidjPlayer: ",8.82
"AppManager: Flash: Begin Load Movie: ",8.88
"AppManager: Flash: Begin Create Player: ",8.91
"AppManager: Flash: End Create Player: ",9.22
"AppManager: Flash: Begin Set MIME Types: ",9.23
"AppManager: Flash: End Set MIME Types: ",9.23
"AppManager: Flash: Begin Set SWF Data Buffer: ",9.23
"AppManager: Flash: End Set SWF Data Buffer: ",9.25
"AppManager: Flash: End Load Movie: ",9.25
